Name,Age,Marks,Grade
Anu,18,85,B
Rahul,19,72,C
Neha,18,91,A
Arjun,20,68,D
Meera,17,95,A
Vishnu,19,78,C
Diya,18,88,B
Akhil,20,64,D
Sneha,19,81,B
Rohan,18,74,C
Amal,20,89,B
Priya,18,93,A
Kiran,19,76,C
Nikhil,20,69,D
Asha,17,97,A
Varun,21,83,B
Lakshmi,19,90,A
Aditya,20,71,C
Fathima,18,86,B
Sanjay,19,79,C
Arya,18,92,A
Hari,19,67,D
Devika,17,84,B
Manu,20,96,A
Gokul,18,73,C
Anjali,19,87,B
Abhinav,21,61,D
Keerthi,18,94,A
Naveen,20,80,B
Pooja,19,75,C
Reshma,18,98,A
Ajay,21,70,C
Athira,19,82,B
Joel,20,77,C
Swetha,18,89,B
Ravi,19,66,D
Malavika,17,91,A
Sreehari,21,85,B
Nandana,18,72,C
Vivek,20,88,B
